threshold,profit,recall,precision,approval_rate,TP,TN,FP,FN,fairness_gap
0.18000000000000002,40200,1.0,0.24285714285714285,0.3,34,60,106,0,0.0
0.19,41700,0.9705882352941176,0.2578125,0.36,33,71,95,1,0.0
0.23,82200,0.9411764705882353,0.35555555555555557,0.55,32,108,58,2,0.0
0.31,115200,0.9117647058823529,0.543859649122807,0.715,31,140,26,3,0.0
0.42000000000000004,125700,0.8823529411764706,0.7692307692307693,0.805,30,157,9,4,0.0
0.43,125700,0.8823529411764706,0.7692307692307693,0.805,30,157,9,4,0.0
0.44,125700,0.8823529411764706,0.7692307692307693,0.805,30,157,9,4,0.0
